Sex,Age,1974,1975,1976,1977,1978,1979,1980,1981,1982,1983,1984,1985,1986,1987,1988,1989,1990,1991,1992,1993,1994,1995,1996,1997,1998,1999,2000,2001,2002,2003,2004,2005,2006,2007,2008,2009,2010,2011,2012,2013,
all,0,1326,1168,959,1004,830,878,831,780,753,646,672,624,581,563,543,554,510,473,449,412,382,375,365,316,320,276,305,290,270,265,266,284,248,272,253,235,218,238,217,186,
all,1,99,-,71,62,64,56,61,46,58,44,62,46,51,40,31,44,42,53,41,30,33,24,24,19,23,22,18,12,22,23,22,22,25,19,17,16,13,21,17,15,
all,2,66,51,50,38,39,34,28,29,32,27,37,24,25,25,25,33,23,22,30,26,13,15,19,13,17,12,16,8,18,11,8,19,11,9,12,14,14,7,7,11,
all,3,57,49,42,33,33,33,30,22,25,23,24,24,22,15,25,25,19,22,19,18,17,15,11,12,14,14,5,8,11,15,9,8,5,16,8,7,11,5,5,4,
all,4,35,42,33,43,24,25,25,20,12,24,26,18,18,18,16,16,10,16,11,21,8,9,11,11,9,9,14,14,15,10,9,11,6,7,2,4,4,4,8,10,
all,5,39,47,29,26,26,24,23,23,20,23,15,18,17,17,16,8,14,12,16,17,10,10,27,10,11,10,12,10,8,7,8,7,5,5,3,4,6,6,10,-,
all,6,35,28,31,18,16,23,19,20,19,16,20,19,8,17,12,6,12,13,12,9,11,13,7,10,14,12,8,8,8,6,5,4,12,5,6,7,5,8,4,2,
all,7,37,36,26,22,15,25,22,11,13,18,21,18,17,12,13,9,8,14,10,13,5,3,3,11,11,11,3,9,4,4,3,4,3,4,10,5,4,3,5,5,
all,8,20,28,20,30,28,19,22,13,18,13,16,14,11,12,12,11,8,14,8,13,5,8,6,10,10,6,2,8,5,6,10,8,4,6,6,6,3,7,7,3,
all,9,25,29,26,30,15,25,20,18,18,16,13,17,7,9,8,13,5,11,5,21,7,12,11,9,16,4,9,8,7,10,10,7,5,4,5,3,6,3,6,4,
all,10,28,22,20,24,34,29,10,21,22,13,18,20,12,11,12,16,16,11,7,11,11,12,8,11,7,7,11,8,8,7,4,11,7,8,8,3,4,4,3,1,
all,11,24,18,26,20,26,26,28,23,18,20,15,15,10,9,7,16,14,6,10,18,10,11,9,8,15,5,9,9,9,12,9,9,8,10,6,4,3,8,9,6,
all,12,24,37,36,16,24,21,28,20,23,13,20,17,12,17,18,12,16,9,16,12,13,12,17,10,10,13,8,11,9,9,10,8,5,7,8,6,5,4,4,5,
all,13,31,28,28,25,20,19,24,21,21,28,24,15,18,20,11,14,18,14,16,12,10,9,12,12,14,14,11,15,7,13,8,11,9,4,6,8,7,5,2,13,
all,14,24,32,36,31,35,34,32,24,30,24,25,25,21,24,15,14,20,25,8,11,23,12,21,7,12,11,10,13,14,10,14,9,9,16,6,11,5,5,6,4,
all,15,39,34,24,39,37,30,34,40,44,30,31,31,19,29,23,24,16,28,16,21,14,29,17,16,21,25,16,18,17,21,16,17,29,12,15,10,9,6,4,16,
all,16,52,34,37,42,56,32,39,34,38,49,36,37,37,32,42,29,34,27,24,23,21,28,29,27,26,32,21,23,24,30,23,29,13,21,21,26,21,11,11,15,
all,17,55,65,69,69,74,62,58,64,66,53,50,54,58,44,56,40,40,35,39,32,34,40,46,29,46,36,34,37,45,44,35,43,35,37,41,41,33,24,23,22,
all,18,63,84,71,61,55,80,73,75,76,67,65,55,58,49,60,56,52,49,44,41,53,51,48,34,49,36,35,54,44,42,42,30,34,61,46,33,40,29,22,19,
all,19,66,62,72,67,82,74,63,63,74,53,62,60,55,69,54,55,42,68,45,45,44,54,48,51,47,74,55,46,39,42,41,42,41,46,38,42,44,51,31,43,
all,20,48,63,79,79,62,71,64,77,64,46,55,60,58,69,70,81,63,61,48,41,37,42,42,40,52,61,44,51,50,36,51,41,55,46,49,43,36,36,29,26,
all,21,52,72,55,59,68,59,68,68,54,47,58,58,63,46,52,75,59,54,58,43,58,58,76,62,57,45,48,55,55,54,36,51,52,42,42,36,42,45,19,36,
all,22,47,53,55,72,65,46,70,57,57,57,56,66,72,55,53,77,58,50,57,64,54,56,63,54,48,45,42,53,74,53,45,34,43,52,49,40,46,41,39,26,
all,23,60,53,54,65,54,68,54,57,64,51,55,48,55,53,70,55,68,52,62,68,74,44,52,51,63,63,55,43,51,46,66,43,60,53,50,44,42,44,45,28,
all,24,66,52,57,61,47,52,57,60,46,53,56,52,67,59,64,62,60,68,86,69,63,65,46,72,48,59,65,48,46,61,45,39,54,66,52,50,44,39,30,34,
all,25,60,54,46,43,52,44,55,62,56,49,64,66,49,53,65,57,61,58,83,57,69,60,62,63,66,58,51,41,60,41,49,43,50,50,62,54,32,55,51,45,
all,26,54,72,63,63,58,73,60,64,62,55,57,57,63,60,53,76,78,56,81,67,63,75,64,42,67,58,63,52,50,39,34,39,44,53,49,50,53,47,53,33,
all,27,83,63,67,60,53,61,69,60,56,53,74,52,42,45,58,58,69,79,82,70,89,75,71,67,69,72,54,59,73,59,55,44,42,64,62,55,65,42,52,42,
all,28,46,57,71,59,67,51,50,41,43,59,47,57,69,76,54,59,77,65,64,73,76,66,80,74,66,62,80,64,64,52,59,43,60,41,49,65,62,57,49,52,
all,29,59,45,74,68,77,75,62,58,58,61,55,54,59,66,77,66,83,69,80,64,78,76,70,70,66,74,69,61,65,62,55,38,61,42,72,72,54,76,76,43,
all,30,51,62,70,65,73,79,45,71,58,68,64,54,69,59,59,68,61,60,68,96,85,77,97,73,59,67,82,73,74,71,57,60,67,54,62,74,67,76,61,69,
all,31,56,74,69,61,73,73,60,51,62,48,75,69,54,53,66,71,70,69,78,95,69,100,76,67,78,83,69,72,79,71,65,64,68,82,72,59,65,69,69,64,
all,32,63,77,70,70,81,85,84,67,65,76,61,59,65,60,71,62,64,66,64,75,84,90,92,87,80,91,93,90,84,82,75,61,65,80,75,57,73,58,61,68,
all,33,75,62,80,65,88,85,88,77,72,60,72,65,79,68,81,64,72,65,72,69,79,82,80,95,82,89,86,82,88,85,85,80,87,85,76,69,70,74,82,66,
all,34,73,73,73,92,93,63,70,101,81,78,65,64,75,70,88,88,71,79,64,82,75,93,82,82,89,92,87,105,94,88,94,76,87,76,96,77,80,78,83,73,
all,35,102,65,95,81,92,99,82,66,104,100,69,99,66,75,85,83,88,87,78,93,80,76,117,96,88,95,108,95,106,110,103,97,93,98,92,103,84,103,70,80,
all,36,117,86,95,84,79,103,107,91,77,97,92,96,80,75,88,79,90,84,84,98,82,104,91,83,100,102,99,104,97,111,102,105,110,104,106,110,90,95,80,90,
all,37,119,107,101,103,105,104,101,97,86,81,115,112,92,109,98,79,86,76,87,90,96,79,102,110,131,104,109,118,116,108,128,117,126,111,112,94,86,85,76,79,
all,38,121,127,104,113,130,100,96,95,96,112,100,123,125,99,99,92,109,100,100,78,91,97,110,119,114,116,127,119,136,115,120,126,138,123,117,94,96,101,119,85,
all,39,138,136,104,127,148,112,117,115,113,109,107,111,110,109,118,111,127,98,99,98,122,88,116,107,110,117,127,133,128,148,148,122,126,132,143,116,127,138,108,98,
all,40,137,143,134,106,143,124,140,124,139,128,107,120,123,137,140,144,114,122,119,122,128,131,124,137,112,140,130,129,124,139,140,154,138,135,136,146,126,142,129,119,
all,41,166,128,155,154,160,165,145,146,126,116,113,135,120,109,160,128,149,126,148,115,141,127,109,138,141,146,158,170,169,150,143,160,154,150,153,162,144,154,126,124,
all,42,198,163,140,179,192,145,153,169,140,163,138,128,138,157,157,175,127,151,122,148,136,133,134,156,159,155,155,166,156,151,138,179,184,176,150,176,153,163,124,163,
all,43,215,211,216,176,204,193,195,167,151,169,165,147,158,158,158,134,163,183,154,161,173,137,158,162,199,163,166,167,185,182,179,172,182,179,176,178,147,157,163,156,
all,44,253,252,234,251,199,211,189,199,180,193,165,169,186,180,175,164,160,193,182,182,161,161,148,176,174,147,173,181,173,168,180,156,184,190,180,213,198,166,186,176,
all,45,243,270,258,256,237,239,222,236,226,207,204,209,192,193,227,191,183,182,214,212,199,210,218,186,169,176,155,184,181,206,200,208,203,206,216,188,195,210,190,195,
all,46,285,293,301,251,254,263,220,222,254,209,224,198,224,201,197,207,201,173,205,249,219,227,204,197,195,198,220,212,215,185,243,207,224,216,208,228,216,203,190,207,
all,47,331,319,310,292,293,305,259,268,272,246,259,234,232,203,232,218,230,241,189,216,228,245,239,219,239,196,227,243,213,213,237,229,227,240,258,231,210,220,219,183,
all,48,350,338,325,292,353,335,299,307,241,289,263,265,274,256,230,237,218,267,244,221,210,271,267,248,240,231,223,242,237,251,225,261,254,213,260,237,249,242,204,260,
all,49,412,390,373,364,387,393,371,337,317,296,305,260,272,250,283,259,246,272,276,271,245,245,324,278,282,277,220,269,273,253,247,245,255,282,253,229,226,230,271,243,
all,50,446,428,447,432,420,401,397,405,382,339,332,302,318,289,315,291,284,270,281,304,272,273,283,331,324,362,270,286,272,265,258,275,298,288,302,300,257,275,279,271,
all,51,508,458,451,433,472,468,445,422,426,350,310,351,343,364,361,328,328,310,298,301,340,316,310,322,379,328,330,322,333,269,297,290,310,310,310,279,294,294,293,294,
all,52,554,527,548,514,501,537,492,470,479,475,447,402,367,361,327,325,359,326,343,336,339,345,370,327,332,404,377,341,354,335,318,324,318,315,312,335,321,316,291,341,
all,53,655,557,630,585,597,590,525,523,490,503,431,426,424,422,424,405,379,377,372,372,335,358,383,410,329,361,384,376,398,352,363,317,327,348,326,351,342,344,346,302,
all,54,696,679,686,653,645,703,597,554,552,534,562,491,502,491,434,416,405,393,403,424,399,356,418,404,413,415,396,456,447,367,353,371,371,391,353,361,398,312,347,374,
all,55,603,771,754,704,701,704,664,623,610,583,551,551,581,498,513,498,437,479,415,438,444,429,406,457,440,447,412,458,474,445,444,409,397,379,389,369,399,403,379,405,
all,56,619,621,832,831,788,728,730,693,671,740,677,595,576,596,563,539,496,474,489,499,543,462,451,444,413,490,440,418,465,548,519,469,438,448,417,388,431,388,437,431,
all,57,737,648,650,887,898,837,788,754,801,741,691,698,699,692,623,611,586,559,557,545,526,527,577,529,482,512,550,529,475,457,537,542,491,476,460,434,458,433,389,414,
all,58,835,790,678,689,939,918,876,867,866,796,782,812,758,706,660,756,597,631,589,588,532,568,558,503,522,517,493,571,517,521,487,581,553,509,518,461,439,420,461,426,
all,59,993,878,892,741,752,1035,961,944,889,890,887,848,819,744,824,746,729,704,626,644,584,584,643,602,576,576,555,565,555,578,514,512,612,577,564,493,462,472,452,511,
all,60,1085,1057,1011,881,846,835,1115,1057,1021,959,947,925,902,843,869,876,753,703,783,736,663,699,673,618,614,627,668,640,653,671,634,533,587,684,667,597,573,526,511,516,
all,61,1187,1179,1184,1027,982,921,850,1152,1109,1068,952,974,933,992,896,907,858,869,789,783,745,760,643,706,688,704,661,684,657,639,668,633,624,625,688,711,622,591,602,532,
all,62,1300,1131,1275,1136,1089,1042,926,924,1184,1202,1078,1084,1062,971,1066,951,964,917,883,881,892,766,784,763,793,765,767,702,739,728,688,712,689,650,657,715,730,632,615,604,
all,63,1356,1285,1284,1244,1349,1217,1065,974,984,1271,1307,1209,1148,1135,1048,1130,1080,969,977,1012,875,918,894,869,802,781,755,766,777,761,659,660,750,748,715,665,808,740,708,616,
all,64,1469,1426,1465,1366,1415,1390,1240,1074,1086,1087,1324,1353,1248,1255,1185,1154,1121,1051,1021,1042,1033,1032,1027,865,914,785,812,779,831,885,770,743,777,787,721,730,738,825,746,738,
all,65,1574,1593,1505,1454,1535,1455,1411,1199,1178,1125,1080,1419,1459,1377,1299,1321,1249,1198,1185,1141,1083,1101,1056,1013,990,931,888,893,885,894,821,836,778,805,829,809,708,719,874,881,
all,66,1699,1642,1553,1547,1624,1646,1519,1456,1381,1233,1125,1176,1544,1491,1457,1319,1300,1271,1250,1235,1192,1175,1117,1113,1109,1040,967,921,927,926,922,893,820,785,856,803,821,767,791,989,
all,67,1642,1715,1767,1595,1690,1697,1561,1544,1532,1385,1339,1196,1241,1591,1598,1535,1422,1359,1397,1407,1286,1253,1164,1161,1177,1123,1008,1017,1041,1034,958,1000,930,885,821,833,901,905,817,832,
all,68,1859,1763,1802,1670,1817,1764,1616,1720,1695,1612,1396,1377,1232,1224,1645,1661,1647,1456,1433,1517,1395,1310,1314,1237,1182,1128,1183,983,1034,1021,996,1044,1017,994,920,900,895,874,930,875,
all,69,1887,1783,1853,1776,1909,1843,1789,1905,1786,1709,1679,1622,1429,1345,1350,1845,1623,1627,1496,1535,1447,1448,1422,1316,1319,1301,1240,1173,1176,1165,1041,1005,984,1051,1074,978,922,962,932,903,
all,70,1871,1965,1988,1838,1961,2101,1755,1881,1864,1872,1752,1855,1596,1503,1273,1422,1777,1807,1669,1642,1532,1505,1489,1381,1387,1373,1327,1267,1196,1091,1167,1105,1054,1153,1095,1064,986,1004,1016,1061,
all,71,2021,1994,2129,1925,2011,1999,1953,1949,1875,1854,1874,1951,1841,1636,1507,1388,1366,1807,1758,1814,1655,1621,1638,1582,1498,1494,1417,1269,1359,1337,1247,1202,1202,1170,1132,1092,1137,1072,1024,1049,
all,72,2051,2035,2014,2016,2118,2025,2013,2176,2096,2036,1970,2008,2006,1853,1694,1707,1463,1471,1943,1872,1796,1738,1661,1604,1590,1583,1479,1443,1418,1422,1321,1214,1205,1260,1207,1232,1180,1143,1140,1163,
all,73,2126,1924,2152,2062,2107,2147,2128,2152,2188,1974,2027,2051,1946,1994,1846,1847,1652,1521,1554,2074,1828,1832,1728,1688,1704,1737,1549,1590,1535,1500,1460,1339,1272,1311,1281,1262,1209,1232,1267,1223,
all,74,2064,2063,2124,2051,2170,2172,2176,2146,2155,2172,2074,2133,2126,2076,1973,2035,1821,1682,1519,1712,1978,1915,1871,1799,1745,1696,1678,1629,1601,1601,1498,1555,1426,1400,1397,1232,1333,1341,1344,1246,
all,75,1920,2040,2196,2147,2112,2219,2170,2149,2225,2163,2207,2221,2086,1995,2117,2210,1912,1779,1727,1644,1539,2146,2004,1952,1767,1818,1701,1630,1671,1614,1594,1581,1462,1536,1449,1368,1386,1361,1335,1420,
all,76,1873,1981,2130,2116,2167,2259,2192,2148,2286,2173,2179,2283,2096,2183,2152,2218,2077,1953,1858,1778,1531,1583,2086,2047,1962,1882,1792,1727,1780,1727,1628,1636,1589,1559,1545,1415,1447,1447,1483,1344,
all,77,1971,1912,2022,2052,2193,2196,2182,2141,2326,2249,2172,2292,2222,2242,2016,2224,2148,2013,1996,2047,1681,1578,1623,2107,2109,2017,1859,1829,1769,1883,1712,1717,1660,1662,1579,1530,1520,1481,1566,1533,
all,78,1835,1898,1995,1983,2113,2125,2107,2147,2215,2129,2169,2239,2275,2255,2130,2281,2127,2163,2080,2156,1821,1719,1601,1633,2147,2233,2069,1849,1848,1848,1812,1802,1684,1662,1785,1606,1663,1519,1621,1610,
all,79,1958,1764,1893,1774,1980,2112,2100,2110,2227,2159,2141,2199,2159,2138,2176,2160,2148,2086,2195,2293,1995,1951,1771,1593,1627,2221,2038,2022,1855,1906,1793,1839,1732,1696,1816,1755,1680,1632,1697,1704,
all,80,1843,1808,1876,1820,1931,2040,2041,2159,2216,2104,2163,2125,2247,2054,2080,2283,2227,2093,2100,2215,2074,2078,1868,1750,1575,1679,2188,2142,2101,1969,1830,1879,1911,1874,1789,1772,1781,1745,1745,1664,
all,81,1784,1666,1856,1662,1821,1832,1773,2000,2033,2040,1984,2131,2121,2002,2112,2256,2116,2082,2127,2221,1975,2113,2066,1957,1647,1698,1649,2122,2104,2105,1990,1858,1914,1919,1830,1776,1792,1824,1895,1790,
all,82,1675,1697,1718,1731,1743,1780,1759,1864,1964,2002,1895,1983,2077,1987,2082,2189,2171,2126,2094,2177,1959,2004,2066,2020,1831,1804,1575,1587,2144,2149,2087,1888,1926,1926,1930,1794,1831,1846,1855,1961,
all,83,1581,1639,1714,1585,1698,1706,1676,1682,1770,1883,1778,1867,1990,1921,1963,2186,1996,2057,2102,2150,1935,1977,2077,2025,1940,1807,1728,1578,1673,2166,2131,1985,1863,1908,1962,1835,1847,1836,1884,1897,
all,84,1505,1462,1541,1560,1569,1582,1559,1532,1657,1642,1668,1833,1777,1868,1847,2015,1810,1916,1890,2119,1944,1907,2014,1871,1893,1947,1799,1642,1487,1604,2080,2126,1915,1888,1905,1835,1930,1784,1870,1907,
all,85,1393,1307,1477,1345,1495,1449,1469,1415,1583,1473,1540,1671,1674,1625,1692,1795,1785,1782,1822,1929,1778,1954,1840,1889,1830,1956,1825,1735,1637,1555,1444,1929,2008,1962,1868,1872,1736,1890,1904,1935,
all,86,1283,1238,1287,1244,1292,1422,1305,1345,1412,1423,1316,1416,1589,1442,1529,1754,1652,1682,1670,1825,1723,1820,1869,1811,1772,1865,1773,1727,1690,1653,1360,1476,1940,1993,1950,1795,1749,1799,1833,1848,
all,87,1102,1082,1165,1036,1121,1197,1145,1228,1213,1255,1199,1276,1316,1413,1401,1594,1457,1566,1491,1834,1506,1707,1706,1676,1684,1824,1657,1741,1652,1642,1526,1407,1459,1947,1914,1779,1682,1743,1869,1888,
all,88,1008,953,1029,940,1038,1019,991,1089,1148,1109,1073,1176,1218,1182,1269,1408,1270,1327,1338,1509,1442,1416,1539,1560,1578,1626,1566,1574,1680,1614,1536,1395,1263,1376,1804,1806,1626,1685,1798,1695,
all,89,833,877,881,800,899,892,865,893,994,933,935,1008,1046,1092,1031,1182,1134,1214,1233,1355,1221,1315,1387,1326,1469,1550,1381,1299,1549,1554,1419,1360,1242,1221,1250,1698,1698,1644,1630,1563,
all,90,744,705,763,703,692,769,771,777,852,828,832,854,899,859,901,1056,1002,1058,1094,1193,1120,1154,1202,1211,1275,1405,1218,1359,1385,1444,1334,1327,1234,1193,1091,1108,1563,1513,1579,1542,
all,91,606,559,572,545,612,646,602,625,702,673,719,783,760,720,758,860,802,846,926,1034,940,999,1065,1092,1097,1150,1168,1155,1161,1312,1218,1220,1158,1138,1074,962,1067,1391,1492,1450,
all,92,462,453,510,420,496,535,477,524,530,512,528,653,597,583,639,734,683,677,695,887,759,905,906,924,932,986,963,1023,1057,1040,1024,1044,1029,1169,1068,905,901,911,1341,1333,
all,93,389,356,396,354,361,379,373,391,442,458,440,477,483,498,521,618,578,579,590,691,707,733,766,735,804,839,797,873,885,941,902,896,938,956,959,907,886,807,864,1157,
all,94,292,285,259,290,281,276,298,280,357,338,364,354,393,403,366,484,431,473,440,526,540,567,579,658,659,628,714,672,730,757,746,743,723,763,813,808,753,738,733,746,
all,95,200,207,216,215,197,229,255,277,245,249,267,248,286,266,320,343,345,344,370,424,398,409,404,439,514,535,540,560,595,625,629,621,577,611,634,654,627,620,595,579,
all,96,152,143,153,152,166,169,158,176,191,167,190,211,212,189,222,237,231,246,287,332,322,322,341,336,358,406,397,411,439,477,482,457,461,496,484,462,578,493,539,470,
all,97,107,88,99,92,107,120,123,117,122,141,128,136,171,135,141,210,156,161,205,243,229,236,240,266,282,305,266,333,332,390,340,361,399,362,355,367,377,392,437,397,
all,98,80,58,70,56,70,71,67,76,70,101,88,108,110,103,121,134,120,148,133,137,139,177,198,191,186,226,196,221,224,230,231,289,289,282,320,264,280,311,319,310,
all,99,28,38,55,52,36,54,49,54,62,54,61,57,73,66,65,80,83,71,110,102,95,103,105,132,120,146,142,157,167,178,154,169,155,194,193,192,190,201,218,213,
all,100,25,22,31,20,25,33,35,39,37,48,51,49,33,50,45,61,46,63,71,90,69,79,74,83,93,92,84,94,99,107,120,121,136,135,142,138,137,120,149,149,
all,101,13,21,16,14,24,18,17,23,23,28,37,26,30,26,33,50,45,32,39,45,27,54,53,52,60,55,51,74,76,86,76,72,76,83,86,103,90,105,101,84,
all,102,8,19,11,9,8,8,12,15,10,14,14,21,19,11,22,31,24,17,22,24,22,30,25,34,37,43,32,34,43,45,43,45,46,51,48,48,65,66,56,72,
all,103,3,3,7,4,12,6,4,6,4,10,9,11,11,10,12,17,14,12,13,7,16,23,19,17,27,18,11,21,21,28,21,22,35,28,20,30,39,44,29,35,
all,104,3,3,3,3,4,3,7,3,3,6,6,4,5,8,7,10,6,8,7,6,4,6,12,10,11,12,16,14,16,19,21,21,16,14,11,22,25,8,22,31,
all,105,1,-,3,-,2,-,3,-,1,2,2,7,2,3,5,7,6,3,3,5,7,6,4,7,12,7,8,5,7,6,2,8,5,12,8,8,9,14,15,14,
all,106,1,-,1,-,-,-,-,-,2,1,3,-,1,-,2,1,2,3,2,-,3,3,3,2,4,8,1,2,3,4,4,5,7,7,6,5,7,4,11,9,
all,107,-,-,-,1,2,-,-,1,-,1,-,1,1,1,1,-,1,1,2,3,3,2,1,5,-,-,-,1,2,-,1,3,1,4,3,3,4,1,3,4,
all,108,-,-,-,1,-,-,-,1,-,-,1,-,-,-,1,1,1,-,1,1,1,-,3,1,2,1,-,-,-,1,-,2,1,-,1,4,1,-,2,1,
all,109,-,-,-,-,-,-,-,-,-,-,-,-,-,-,-,-,1,1,-,-,1,-,1,-,1,-,-,1,-,1,-,1,-,-,1,1,1,1,-,1,
all,110,-,-,-,-,-,-,-,-,-,-,-,-,-,-,-,-,-,-,-,-,-,1,-,-,-,1,-,-,-,-,-,-,1,-,2,-,1,-,1,-,
all,111,-,-,-,-,-,-,-,-,-,-,-,-,-,-,1,-,-,-,-,-,-,-,-,-,-,-,1,-,-,-,1,-,1,-,-,-,1,-,-,-,
all,113,-,-,-,-,-,-,-,-,-,-,-,-,-,-,-,-,-,-,-,-,-,-,1,-,-,-,-,-,-,-,-,1,-,-,-,-,-,-,-,-,
male,0,748,669,568,585,479,490,481,435,436,380,389,342,334,331,324,331,297,299,265,240,212,197,206,186,183,161,173,155,167,146,160,159,145,154,140,142,119,139,133,98,
male,1,56,31,37,36,34,31,35,23,39,26,40,23,27,21,21,23,30,28,22,14,19,14,16,9,14,13,10,4,11,13,15,8,11,5,11,11,6,12,8,8,
male,2,36,32,29,24,19,19,21,17,18,15,18,12,13,12,15,15,15,13,11,15,7,10,14,8,10,6,10,4,8,6,7,16,5,5,7,5,6,4,4,5,
male,3,35,22,27,18,20,17,18,17,15,13,16,9,11,8,17,14,10,11,11,10,11,9,4,8,7,7,3,5,6,10,2,6,2,12,3,2,8,2,2,2,
male,4,21,28,17,25,14,12,19,14,5,13,13,13,15,13,11,10,7,7,7,11,5,4,7,7,6,5,10,9,9,6,5,3,3,3,1,3,3,1,6,6,
male,5,30,34,21,20,18,14,12,15,10,13,10,11,13,10,10,4,8,8,9,3,7,6,8,2,8,5,9,7,5,3,5,3,2,3,2,2,3,4,5,,
male,6,22,17,19,11,8,17,10,13,12,11,8,11,6,13,6,3,9,9,7,4,6,8,6,2,5,8,4,5,2,5,2,4,7,2,5,5,4,6,3,2,
male,7,24,25,16,13,10,19,13,5,7,13,16,12,14,10,11,6,6,9,4,8,4,2,1,7,7,5,2,5,3,2,3,2,3,3,5,2,4,3,2,1,
male,8,9,16,12,19,19,14,17,7,12,7,10,8,6,7,5,5,4,9,5,9,5,6,2,6,6,3,1,5,2,1,6,5,3,4,4,4,3,2,4,3,
male,9,12,20,16,18,8,15,13,10,12,9,9,7,5,6,7,6,4,7,3,15,5,8,6,5,8,2,8,5,5,4,5,5,3,1,3,1,4,2,5,3,
male,10,18,17,12,12,16,17,5,14,12,8,9,15,9,7,7,8,9,5,4,6,7,5,5,7,6,4,5,7,4,3,2,7,3,6,3,-,2,1,2,1,
male,11,20,12,21,11,13,17,18,16,14,15,12,10,9,3,5,11,10,1,7,11,6,5,7,2,9,4,7,5,7,7,6,5,3,7,2,2,2,5,4,3,
male,12,12,27,17,7,13,7,18,14,11,9,11,8,7,6,15,6,9,4,8,7,11,8,12,7,7,8,4,8,5,6,5,3,3,5,5,1,1,3,4,3,
male,13,19,21,21,21,13,10,14,10,12,20,15,10,9,14,8,9,12,11,11,8,8,6,8,8,9,10,5,7,3,10,3,9,7,1,3,5,3,3,1,9,
male,14,14,27,26,24,23,20,23,12,20,13,18,15,15,17,7,11,10,13,6,5,16,6,14,3,8,7,7,8,8,5,7,6,5,12,3,5,3,2,6,2,
male,15,25,24,16,20,26,22,20,27,34,21,19,19,13,16,17,16,15,20,12,15,11,21,11,6,15,16,11,11,10,10,10,11,17,7,6,5,4,4,1,6,
male,16,35,21,26,23,38,20,26,26,28,31,24,21,27,21,26,22,28,17,15,12,17,19,17,21,18,21,15,15,13,24,15,14,9,17,16,16,13,5,8,7,
male,17,43,40,52,46,48,54,49,49,45,42,35,42,48,34,46,28,29,25,28,19,25,33,32,16,26,24,26,27,26,23,24,33,28,25,27,28,23,15,15,14,
male,18,51,60,51,44,39,67,50,59,56,50,50,41,44,40,47,43,38,39,33,31,43,38,38,28,35,23,21,39,36,30,28,18,26,46,30,23,30,19,18,13,
male,19,48,50,59,48,60,56,45,47,57,41,44,51,45,52,45,41,28,49,35,30,37,41,41,43,40,54,42,39,26,35,28,30,32,32,27,33,25,35,19,31,
male,20,36,46,58,59,40,49,41,59,47,36,40,44,47,53,59,58,48,47,35,34,31,33,34,29,39,48,34,31,35,27,37,26,42,38,36,34,21,27,21,16,
male,21,34,51,37,44,54,42,51,53,42,31,44,42,41,34,42,51,49,43,47,34,41,44,61,41,45,34,37,41,42,41,26,33,40,36,27,19,35,32,18,30,
male,22,34,42,41,46,46,36,51,45,50,41,33,50,53,41,42,54,49,36,44,51,45,46,49,41,38,38,32,41,62,38,32,23,32,38,34,27,32,36,22,21,
male,23,39,37,38,43,38,53,38,44,46,35,45,34,44,39,58,38,53,38,47,52,54,29,35,45,45,47,42,32,39,31,53,34,51,42,41,30,30,29,31,21,
male,24,40,40,38,44,32,35,42,49,40,35,40,38,53,45,45,45,41,47,65,54,41,43,33,52,33,48,53,34,33,49,33,34,41,53,36,39,33,29,15,24,
male,25,40,42,32,31,27,30,40,46,40,36,43,44,39,35,53,35,47,44,63,40,51,44,47,48,52,47,38,32,44,31,40,38,37,39,49,41,23,42,38,31,
male,26,41,44,40,44,39,46,39,48,51,44,39,35,48,42,32,51,63,39,60,46,50,52,48,33,48,46,46,38,38,28,31,28,35,40,38,40,39,28,36,23,
male,27,55,39,47,37,31,46,45,38,35,40,52,36,28,32,43,39,47,51,57,53,67,61,54,50,51,52,38,46,54,44,38,35,31,48,44,39,48,33,34,30,
male,28,31,28,48,45,50,31,36,29,24,39,29,38,49,55,44,37,51,44,46,51,51,54,54,56,49,49,59,50,50,38,42,23,36,31,35,51,47,38,35,39,
male,29,41,28,51,47,49,49,38,42,39,45,35,32,40,45,55,51,63,43,57,41,54,54,52,51,47,56,53,48,52,45,38,25,50,30,58,50,39,47,51,32,
male,30,37,42,44,39,53,56,38,44,42,42,44,36,44,40,41,41,46,36,53,61,56,56,75,53,42,45,56,50,60,54,43,39,47,36,49,45,45,58,44,42,
male,31,35,55,43,41,54,42,42,35,42,32,49,50,37,38,46,47,48,47,53,51,49,63,48,43,54,55,45,55,53,43,48,44,55,56,57,43,41,47,52,39,
male,32,41,54,45,47,57,49,48,44,43,47,42,37,48,38,45,42,46,50,42,49,63,67,60,65,60,68,64,68,65,61,47,43,48,55,47,39,51,47,46,48,
male,33,44,37,49,42,60,58,54,45,45,32,48,42,56,40,50,49,45,44,40,45,47,50,61,68,58,65,56,49,66,62,58,61,60,64,60,49,42,50,58,50,
male,34,38,42,49,59,59,35,41,68,49,49,48,40,47,50,66,53,46,43,40,53,50,62,57,54,63,62,57,74,64,63,64,49,62,62,66,51,55,49,57,48,
male,35,71,42,58,53,61,51,53,45,65,66,42,59,42,49,54,51,52,62,45,54,50,49,72,55,62,67,76,67,66,85,71,63,74,69,60,73,51,78,52,56,
male,36,66,48,57,54,39,57,72,59,47,53,62,64,48,44,60,41,55,48,61,62,48,66,65,53,67,72,66,70,66,70,62,67,68,63,67,70,63,64,62,57,
male,37,68,69,55,63,64,59,56,66,50,50,60,68,59,66,60,41,60,49,57,50,54,45,64,76,79,69,71,90,76,66,85,71,84,71,78,60,56,57,49,51,
male,38,70,72,66,64,73,60,63,58,57,68,57,80,80,66,65,47,65,57,56,47,53,62,74,71,74,72,85,81,87,79,76,86,90,87,79,59,61,59,73,58,
male,39,91,82,57,68,86,73,66,73,69,61,62,67,72,67,67,70,71,62,52,66,70,57,69,64,73,77,71,90,78,96,99,77,82,81,92,74,87,76,76,58,
male,40,78,83,77,71,95,76,87,80,84,80,69,77,75,92,93,95,70,84,79,78,75,77,78,84,72,91,79,73,85,92,99,94,93,83,79,94,84,101,80,82,
male,41,99,75,88,96,104,101,86,101,79,67,76,78,76,67,102,91,94,80,100,66,87,74,72,95,89,96,105,117,114,92,100,109,95,102,97,103,82,97,72,86,
male,42,129,92,76,112,116,98,90,106,86,101,73,72,82,102,103,119,84,88,83,100,82,84,84,94,95,93,80,109,99,89,82,119,105,112,94,111,101,102,60,112,
male,43,136,133,128,107,118,103,110,105,87,97,96,79,109,105,95,75,93,115,92,90,99,90,92,90,127,97,103,98,119,121,103,111,118,113,111,115,93,109,111,93,
male,44,145,142,149,129,98,127,95,123,109,121,99,115,114,121,109,89,101,112,106,112,97,94,86,106,105,84,106,107,111,103,112,85,129,127,111,125,121,104,113,119,
male,45,147,164,165,157,141,145,145,153,135,127,120,138,118,114,145,98,113,118,124,144,122,135,131,120,104,112,96,132,95,121,118,136,122,136,137,105,130,128,110,119,
male,46,176,180,164,151,144,173,129,139,131,130,127,127,145,111,115,126,135,98,120,157,134,148,124,128,121,109,121,132,128,108,138,128,137,122,129,141,128,109,115,128,
male,47,191,195,189,161,182,184,161,167,172,152,166,147,159,134,148,127,141,149,113,136,137,146,149,141,138,112,134,143,138,128,146,147,140,144,165,141,133,124,129,113,
male,48,231,216,187,162,221,201,183,207,157,192,156,164,167,147,153,148,121,171,149,146,130,170,152,148,144,147,143,150,131,153,139,149,151,119,169,140,154,142,125,165,
male,49,246,254,243,235,229,230,212,196,200,183,190,157,169,168,166,154,161,168,172,155,156,137,199,164,169,156,129,169,174,156,168,139,160,153,146,138,124,132,176,141,
male,50,275,262,273,254,260,238,231,245,222,200,186,184,186,176,210,174,178,158,177,190,165,158,169,193,208,224,176,170,166,165,155,161,177,175,184,176,150,154,162,149,
male,51,301,273,286,289,293,293,275,261,266,223,197,240,217,216,228,202,203,194,175,197,204,203,190,194,235,199,202,193,209,150,182,182,196,186,189,165,177,163,162,161,
male,52,338,337,317,325,289,332,294,302,286,294,261,245,218,223,209,195,215,203,200,198,193,211,229,197,200,238,221,201,225,200,193,194,182,203,183,208,184,193,170,207,
male,53,393,349,383,363,347,371,317,318,290,304,277,259,267,271,276,257,226,241,244,222,207,219,242,257,212,243,238,249,239,227,220,198,198,216,200,206,225,168,189,185,
male,54,441,404,414,397,402,432,369,342,336,326,337,298,321,310,265,240,241,241,242,272,236,219,259,252,265,280,256,281,284,226,217,220,234,231,213,208,236,172,213,222,
male,55,363,451,491,426,411,444,425,394,380,352,338,339,372,315,322,299,290,300,255,285,275,284,253,298,265,268,253,283,291,275,266,244,253,228,247,232,252,251,234,234,
male,56,399,378,496,523,476,474,471,424,411,452,399,367,357,377,358,341,302,267,290,312,332,290,275,273,256,316,296,258,293,330,317,286,269,265,245,239,263,224,267,245,
male,57,432,395,397,546,568,521,473,468,496,458,435,438,434,406,359,376,329,341,336,341,315,320,358,315,294,334,333,315,290,279,316,305,288,293,280,264,293,249,237,240,
male,58,531,501,422,417,561,564,538,540,548,511,468,478,478,433,398,451,350,400,354,354,339,346,344,309,326,306,295,361,328,324,300,364,340,323,313,270,263,252,254,271,
male,59,576,545,552,435,441,622,605,603,563,553,529,496,496,438,519,446,415,420,380,394,336,373,399,376,351,358,353,346,345,338,314,313,356,362,333,277,272,280,275,313,
male,60,642,654,603,552,495,474,662,652,611,605,581,563,552,520,528,522,451,409,453,436,409,409,401,380,390,397,416,377,387,425,385,311,353,423,398,349,340,301,297,309,
male,61,728,688,731,654,637,545,516,697,676,674,572,592,558,608,547,526,497,500,479,472,427,477,401,412,431,410,407,419,410,374,421,368,394,377,421,416,355,355,355,304,
male,62,794,692,772,691,651,629,542,547,734,727,642,665,642,588,614,581,584,546,538,546,551,467,472,450,467,465,478,438,465,416,438,454,424,391,391,419,434,381,382,359,
male,63,849,822,758,774,814,737,661,562,589,768,767,739,692,687,634,653,643,578,590,592,531,554,560,545,502,467,462,487,497,502,411,409,439,444,433,402,488,425,415,364,
male,64,891,868,887,817,834,841,735,619,661,669,762,809,773,759,718,694,651,621,638,643,599,624,621,518,546,452,496,467,498,524,461,424,451,466,420,444,428,493,435,428,
male,65,969,961,896,853,923,818,841,685,696,613,645,842,888,846,760,786,769,712,685,676,627,679,652,599,574,555,522,529,519,527,494,468,455,453,514,465,417,430,516,520,
male,66,1007,1032,965,912,951,975,875,852,822,719,665,669,903,855,879,793,768,746,747,722,715,674,652,642,654,617,593,561,560,533,561,509,490,461,500,488,481,445,451,556,
male,67,987,1056,1042,982,1012,992,911,916,873,781,787,701,701,942,916,898,816,810,846,850,770,748,674,683,700,672,591,599,626,589,554,620,533,499,463,490,504,519,462,507,
male,68,1079,1065,1112,964,1051,1049,964,1033,975,936,803,766,701,683,941,914,959,847,852,900,794,763,736,754,686,652,676,567,616,591,560,593,587,566,543,526,493,508,548,509,
male,69,1109,1063,1100,1034,1090,1100,1083,1051,1029,973,979,934,801,742,764,1031,909,931,868,872,861,860,816,738,749,735,709,663,673,694,605,577,550,561,629,569,528,558,531,517,
male,70,1102,1146,1172,1018,1127,1230,1023,1069,1055,1027,983,1014,886,820,711,795,1000,1051,942,917,867,817,878,793,778,793,757,736,666,644,663,660,624,655,645,607,545,594,563,581,
male,71,1131,1127,1191,1112,1115,1134,1067,1111,1056,1053,1104,1064,1009,928,834,794,772,1008,965,1027,914,899,923,914,835,806,788,726,792,746,730,671,650,667,635,615,638,617,576,584,
male,72,1141,1151,1138,1104,1180,1133,1127,1190,1152,1089,1117,1123,1089,995,930,910,786,806,1060,1024,1007,969,956,855,913,871,838,816,769,782,756,693,655,725,665,666,628,656,630,664,
male,73,1143,1051,1187,1105,1126,1203,1196,1175,1162,1066,1116,1083,1067,1099,987,1033,879,817,799,1123,985,1016,969,941,910,953,843,867,831,837,771,724,696,707,722,679,666,682,688,679,
male,74,1089,1075,1123,1089,1159,1170,1161,1111,1195,1157,1138,1143,1124,1148,1041,1074,977,929,777,920,1035,1024,999,990,947,915,907,886,888,854,813,837,726,788,736,705,747,742,715,649,
male,75,916,1029,1144,1100,1105,1172,1137,1117,1146,1172,1164,1174,1087,1005,1093,1107,1021,934,882,873,773,1058,1026,1028,926,982,873,855,886,848,814,840,754,838,749,720,752,723,709,775,
male,76,870,945,1040,1064,1020,1167,1059,1118,1135,1074,1169,1153,1096,1139,1064,1159,1090,947,942,880,780,783,1088,1066,1023,987,890,869,930,884,831,860,830,818,788,789,740,772,795,690,
male,77,871,835,952,985,1022,1032,1052,1030,1072,1153,1087,1135,1121,1074,1006,1077,1061,966,974,998,856,792,813,1067,1051,1043,944,916,892,988,895,885,854,898,772,809,830,752,823,789,
male,78,822,813,865,849,938,978,994,1037,1016,1000,1048,1150,1134,1084,1044,1115,1071,1025,1029,1017,869,834,767,752,1052,1082,1018,917,934,921,929,871,820,822,899,770,852,766,824,817,
male,79,843,740,820,702,912,906,930,918,1002,991,964,1024,1000,1007,978,1006,970,1021,1033,1046,938,912,845,759,776,1058,969,1022,896,894,847,941,842,862,855,820,838,804,798,869,
male,80,718,740,770,763,755,825,855,927,944,929,976,917,996,894,936,993,1026,951,1003,997,893,971,887,807,698,717,974,982,986,957,902,861,904,884,828,889,888,882,827,852,
male,81,717,683,734,599,737,694,729,793,801,824,863,896,896,911,904,972,931,914,895,1003,898,914,906,833,731,734,754,939,939,1009,906,858,864,929,887,833,826,863,876,867,
male,82,676,683,646,620,637,643,667,678,748,761,736,792,810,835,864,906,882,919,885,949,844,853,903,887,809,765,692,617,905,932,873,833,873,896,872,838,842,883,838,934,
male,83,565,623,622,576,613,584,614,622,648,720,644,699,747,738,749,846,792,826,865,856,817,802,883,828,783,767,723,667,686,892,888,848,811,844,840,822,824,856,813,839,
male,84,507,526,553,544,560,542,534,548,540,580,571,629,687,696,676,741,655,706,717,851,778,685,803,764,736,773,686,649,594,669,848,894,801,756,800,771,878,816,814,883,
male,85,467,451,481,450,480,477,503,477,488,464,509,555,575,563,597,655,630,607,658,668,655,734,714,650,720,747,689,670,634,576,574,768,818,771,767,778,718,823,810,838,
male,86,417,397,391,388,435,464,391,405,391,409,404,434,536,479,508,579,543,573,562,599,613,611,682,669,617,702,660,606,609,639,525,583,765,775,766,720,699,744,742,792,
male,87,401,335,367,321,315,368,372,359,348,365,353,334,373,418,421,504,459,497,493,597,500,551,546,529,560,630,567,625,578,552,519,500,513,729,697,646,642,727,781,730,
male,88,313,296,309,295,313,308,301,283,310,308,290,313,360,307,353,408,344,394,419,475,424,452,484,509,473,530,544,499,541,536,512,509,430,472,609,692,625,613,704,643,
male,89,257,262,291,240,244,250,237,229,254,232,238,257,253,280,280,316,303,345,339,362,358,373,404,380,442,465,405,396,491,494,467,423,408,405,391,608,587,606,575,585,
male,90,206,212,212,186,202,192,210,193,227,212,202,224,204,197,220,228,218,257,296,299,266,315,317,300,349,403,363,403,380,432,384,415,399,385,337,319,528,491,525,537,
male,91,186,161,156,148,156,177,165,160,176,161,160,176,173,168,175,177,173,168,239,250,233,233,265,283,276,295,269,298,334,368,357,307,327,343,314,264,363,425,459,485,
male,92,139,132,127,109,121,152,120,129,114,113,112,134,144,144,119,160,144,139,148,205,189,207,206,197,207,211,208,265,257,308,288,275,287,359,297,263,246,263,388,442,
male,93,103,87,106,104,79,106,80,76,95,91,78,111,90,115,112,147,108,95,108,146,148,167,161,167,157,187,181,221,224,245,210,220,236,243,262,247,261,233,248,352,
male,94,70,71,61,77,59,60,61,69,91,68,67,64,83,71,68,83,73,88,79,97,85,103,98,119,142,122,143,139,155,176,148,184,151,175,211,212,181,218,212,209,
male,95,41,47,51,57,47,48,58,65,56,58,51,60,46,42,68,70,66,50,62,65,70,71,86,80,98,94,104,97,119,118,133,126,129,160,160,168,146,147,148,152,
male,96,37,31,23,40,40,33,31,34,38,38,40,38,36,40,34,42,30,44,67,46,55,42,64,54,50,68,73,64,81,102,96,95,95,89,89,109,124,122,125,106,
male,97,29,19,31,23,21,22,19,25,26,17,24,19,27,28,26,29,25,28,29,32,27,31,35,37,35,46,46,51,58,71,65,67,69,69,70,85,96,74,93,79,
male,98,17,19,16,11,12,9,13,21,5,22,19,19,21,15,22,16,21,17,27,20,21,26,24,27,23,28,32,31,36,42,37,52,67,45,53,48,54,68,58,61,
male,99,6,8,12,7,6,10,6,9,18,11,6,7,11,10,10,9,15,12,12,13,8,13,15,16,10,23,24,19,22,24,24,21,21,30,35,31,32,37,35,40,
male,100,4,5,6,6,3,7,6,11,3,6,8,7,5,9,5,8,8,12,9,12,7,9,9,10,12,11,14,8,9,15,20,19,15,19,30,23,26,26,28,24,
male,101,4,3,2,2,3,4,1,1,3,4,6,1,5,4,4,5,7,2,3,2,4,4,7,5,6,2,4,7,16,9,7,8,3,8,14,12,19,9,15,14,
male,102,1,2,1,1,1,-,1,2,1,-,1,3,2,3,3,3,1,1,2,4,5,1,3,1,2,2,3,2,2,8,4,3,6,2,9,5,10,7,7,11,
male,103,1,-,2,-,3,-,-,-,1,-,-,1,1,-,2,3,3,1,2,1,-,-,1,-,2,-,3,2,1,5,2,4,4,1,2,7,6,7,2,2,
male,104,-,-,1,1,2,-,2,-,-,1,-,-,1,2,-,-,1,-,1,3,-,2,2,2,-,2,1,4,-,1,1,2,2,-,2,2,4,1,4,1,
male,105,-,-,1,-,-,-,-,-,1,-,-,-,-,-,-,1,-,-,1,2,2,1,1,1,-,2,1,1,-,-,-,1,1,1,1,1,3,1,1,-,
male,106,-,-,-,-,-,-,-,-,1,-,1,-,-,-,-,-,-,-,-,-,-,-,-,-,-,1,-,1,-,-,-,-,-,2,1,-,1,1,-,1,
male,107,-,-,-,-,-,-,-,-,-,-,-,-,-,-,-,-,-,-,-,-,-,-,-,-,-,-,-,-,-,-,-,-,-,-,-,-,-,-,-,-,
male,108,-,-,-,-,-,-,-,-,-,-,-,-,-,-,-,-,-,-,-,-,-,-,-,-,-,-,-,-,-,-,-,-,-,-,-,-,-,-,-,-,
male,109,-,-,-,-,-,-,-,-,-,-,-,-,-,-,-,-,-,-,-,-,-,-,-,-,1,-,-,-,-,-,-,1,-,-,1,1,-,-,-,-,
male,110,-,-,-,-,-,-,-,-,-,-,-,-,-,-,-,-,-,-,-,-,-,-,-,-,-,-,-,-,-,-,-,-,-,-,-,-,-,-,-,-,
female,0,578,499,391,419,351,388,350,345,317,266,283,282,247,232,219,223,213,174,184,172,170,178,159,130,137,115,132,135,103,119,106,125,103,118,113,93,99,99,84,88,
female,1,43,44,34,26,30,25,26,23,19,18,22,23,24,19,10,21,12,25,19,16,14,10,8,10,9,9,8,8,11,10,7,14,14,14,6,5,7,9,9,7,
female,2,30,19,21,14,20,15,7,12,14,12,19,12,12,13,10,18,8,9,19,11,6,5,5,5,7,6,6,4,10,5,1,3,6,4,5,9,8,3,3,6,
female,3,22,27,15,15,13,16,12,5,10,10,8,15,11,7,8,11,9,11,8,8,6,6,7,4,7,7,2,3,5,5,7,2,3,4,5,5,3,3,3,2,
female,4,14,14,16,18,10,13,6,6,7,11,13,5,3,5,5,6,3,9,4,10,3,5,4,4,3,4,4,5,6,4,4,8,3,4,1,1,1,3,2,4,
female,5,9,13,8,6,8,10,11,8,10,10,5,7,4,7,6,4,6,4,7,14,3,4,19,8,3,5,3,3,3,4,3,4,3,2,1,2,3,2,5,,
female,6,13,11,12,7,8,6,9,7,7,5,12,8,2,4,6,3,3,4,5,5,5,5,1,8,9,4,4,3,6,1,3,-,5,3,1,2,1,2,1,-,
female,7,13,11,10,9,5,6,9,6,6,5,5,6,3,2,2,3,2,5,6,5,1,1,2,4,4,6,1,4,1,2,-,2,-,1,5,3,-,-,3,4,
female,8,11,12,8,11,9,5,5,6,6,6,6,6,5,5,7,6,4,5,3,4,-,2,4,4,4,3,1,3,3,5,4,3,1,2,2,2,-,5,3,-,
female,9,13,9,10,12,7,10,7,8,6,7,4,10,2,3,1,7,1,4,2,6,2,4,5,4,8,2,1,3,2,6,5,2,2,3,2,2,2,1,1,1,
female,10,10,5,8,12,18,12,5,7,10,5,9,5,3,4,5,8,7,6,3,5,4,7,3,4,1,3,6,1,4,4,2,4,4,2,5,3,2,3,1,-,
female,11,4,6,5,9,13,9,10,7,4,5,3,5,1,6,2,5,4,5,3,7,4,6,2,6,6,1,2,4,2,5,3,4,5,3,4,2,1,3,5,3,
female,12,12,10,19,9,11,14,10,6,12,4,9,9,5,11,3,6,7,5,8,5,2,4,5,3,3,5,4,3,4,3,5,5,2,2,3,5,4,1,-,2,
female,13,12,7,7,4,7,9,10,11,9,8,9,5,9,6,3,5,6,3,5,4,2,3,4,4,5,4,6,8,4,3,5,2,2,3,3,3,4,2,1,4,
female,14,10,5,10,7,12,14,9,12,10,11,7,10,6,7,8,3,10,12,2,6,7,6,7,4,4,4,3,5,6,5,7,3,4,4,3,6,2,3,-,2,
female,15,14,10,8,19,11,8,14,13,10,9,12,12,6,13,6,8,1,8,4,6,3,8,6,10,6,9,5,7,7,11,6,6,12,5,9,5,5,2,3,10,
female,16,17,13,11,19,18,12,13,8,10,18,12,16,10,11,16,7,6,10,9,11,4,9,12,6,8,11,6,8,11,6,8,15,4,4,5,10,8,6,3,8,
female,17,12,25,17,23,26,8,9,15,21,11,15,12,10,10,10,12,11,10,11,13,9,7,14,13,20,12,8,10,19,21,11,10,7,12,14,13,10,9,8,8,
female,18,12,24,20,17,16,13,23,16,20,17,15,14,14,9,13,13,14,10,11,10,10,13,10,6,14,13,14,15,8,12,14,12,8,15,16,10,10,10,4,6,
female,19,18,12,13,19,22,18,18,16,17,12,18,9,10,17,9,14,14,19,10,15,7,13,7,8,7,20,13,7,13,7,13,12,9,14,11,9,19,16,12,12,
female,20,12,17,21,20,22,22,23,18,17,10,15,16,11,16,11,23,15,14,13,7,6,9,8,11,13,13,10,20,15,9,14,15,13,8,13,9,15,9,8,10,
female,21,18,21,18,15,14,17,17,15,12,16,14,16,22,12,10,24,10,11,11,9,17,14,15,21,12,11,11,14,13,13,10,18,12,6,15,17,7,13,1,6,
female,22,13,11,14,26,19,10,19,12,7,16,23,16,19,14,11,23,9,14,13,13,9,10,14,13,10,7,10,12,12,15,13,11,11,14,15,13,14,5,17,5,
female,23,21,16,16,22,16,15,16,13,18,16,10,14,11,14,12,17,15,14,15,16,20,15,17,6,18,16,13,11,12,15,13,9,9,11,9,14,12,15,14,7,
female,24,26,12,19,17,15,17,15,11,6,18,16,14,14,14,19,17,19,21,21,15,22,22,13,20,15,11,12,14,13,12,12,5,13,13,16,11,11,10,15,10,
female,25,20,12,14,12,25,14,15,16,16,13,21,22,10,18,12,22,14,14,20,17,18,16,15,15,14,11,13,9,16,10,9,5,13,11,13,13,9,13,13,14,
female,26,13,28,23,19,19,27,21,16,11,11,18,22,15,18,21,25,15,17,21,21,13,23,16,9,19,12,17,14,12,11,3,11,9,13,11,10,14,19,17,10,
female,27,28,24,20,23,22,15,24,22,21,13,22,16,14,13,15,19,22,28,25,17,22,14,17,17,18,20,16,13,19,15,17,9,11,16,18,16,17,9,18,12,
female,28,15,29,23,14,17,20,14,12,19,20,18,19,20,21,10,22,26,21,18,22,25,12,26,18,17,13,21,14,14,14,17,20,24,10,14,14,15,19,14,13,
female,29,18,17,23,21,28,26,24,16,19,16,20,22,19,21,22,15,20,26,23,23,24,22,18,19,19,18,16,13,13,17,17,13,11,12,14,22,15,29,25,11,
female,30,14,20,26,26,20,23,7,27,16,26,20,18,25,19,18,27,15,24,15,35,29,21,22,20,17,22,26,23,14,17,14,21,20,18,13,29,22,18,17,27,
female,31,21,19,26,20,19,31,18,16,20,16,26,19,17,15,20,24,22,22,25,44,20,37,28,24,24,28,24,17,26,28,17,20,13,26,15,16,24,22,17,25,
female,32,22,23,25,23,24,36,36,23,22,29,19,22,17,22,26,20,18,16,22,26,21,23,32,22,20,23,29,22,19,21,28,18,17,25,28,18,22,11,15,20,
female,33,31,25,31,23,28,27,34,32,27,28,24,23,23,28,31,15,27,21,32,24,32,32,19,27,24,24,30,33,22,23,27,19,27,21,16,20,28,24,24,16,
female,34,35,31,24,33,34,28,29,33,32,29,17,24,28,20,22,35,25,36,24,29,25,31,25,28,26,30,30,31,30,25,30,27,25,14,30,26,25,29,26,25,
female,35,31,23,37,28,31,48,29,21,39,34,27,40,24,26,31,32,36,25,33,39,30,27,45,41,26,28,32,28,40,25,32,34,19,29,32,30,33,25,18,24,
female,36,51,38,38,30,40,46,35,32,30,44,30,32,32,31,28,38,35,36,23,36,34,38,26,30,33,30,33,34,31,41,40,38,42,41,39,40,27,31,18,33,
female,37,51,38,46,40,41,45,45,31,36,31,55,44,33,43,38,38,26,27,30,40,42,34,38,34,52,35,38,28,40,42,43,46,42,40,34,34,30,28,27,28,
female,38,51,55,38,49,57,40,33,37,39,44,43,43,45,33,34,45,44,43,44,31,38,35,36,48,40,44,42,38,49,36,44,40,48,36,38,35,35,42,46,27,
female,39,47,54,47,59,62,39,51,42,44,48,45,44,38,42,51,41,56,36,47,32,52,31,47,43,37,40,56,43,50,52,49,45,44,51,51,42,40,62,32,40,
female,40,59,60,57,35,48,48,53,44,55,48,38,43,48,45,47,49,44,38,40,44,53,54,46,53,40,49,51,56,39,47,41,60,45,52,57,52,42,41,49,37,
female,41,67,53,67,58,56,64,59,45,47,49,37,57,44,42,58,37,55,46,48,49,54,53,37,43,52,50,53,53,55,58,43,51,59,48,56,59,62,57,54,38,
female,42,69,71,64,67,76,47,63,63,54,62,65,56,56,55,54,56,43,63,39,48,54,49,50,62,64,62,75,57,57,62,56,60,79,64,56,65,52,61,64,51,
female,43,79,78,88,69,86,90,85,62,64,72,69,68,49,53,63,59,70,68,62,71,74,47,66,72,72,66,63,69,66,61,76,61,64,66,65,63,54,48,52,63,
female,44,108,110,85,122,101,84,94,76,71,72,66,54,72,59,66,75,59,81,76,70,64,67,62,70,69,63,67,74,62,65,68,71,55,63,69,88,77,62,73,57,
female,45,96,106,93,99,96,94,77,83,91,80,84,71,74,79,82,93,70,64,90,68,77,75,87,66,65,64,59,52,86,85,82,72,81,70,79,83,65,82,80,76,
female,46,109,113,137,100,110,90,91,83,123,79,97,71,79,90,82,81,66,75,85,92,85,79,80,69,74,89,99,80,87,77,105,79,87,94,79,87,88,94,75,79,
female,47,140,124,121,131,111,121,98,101,100,94,93,87,73,69,84,91,89,92,76,80,91,99,90,78,101,84,93,100,75,85,91,82,87,96,93,90,77,96,90,70,
female,48,119,122,138,130,132,134,116,100,84,97,107,101,107,109,77,89,97,96,95,75,80,101,115,100,96,84,80,92,106,98,86,112,103,94,91,97,95,100,79,95,
female,49,166,136,130,129,158,163,159,141,117,113,115,103,103,82,117,105,85,104,104,116,89,108,125,114,113,121,91,100,99,97,79,106,95,129,107,91,102,98,95,102,
female,50,171,166,174,178,160,163,166,160,160,139,146,118,132,113,105,117,106,112,104,114,107,115,114,138,116,138,94,116,106,100,103,114,121,113,118,124,107,121,117,122,
female,51,207,185,165,144,179,175,170,161,160,127,113,111,126,148,133,126,125,116,123,104,136,113,120,128,144,129,128,129,124,119,115,108,114,124,121,114,117,131,131,133,
female,52,216,190,231,189,212,205,198,168,193,181,186,157,149,138,118,130,144,123,143,138,146,134,141,130,132,166,156,140,129,135,125,130,136,112,129,127,137,123,121,134,
female,53,262,208,247,222,250,219,208,205,200,199,154,167,157,151,148,148,153,136,128,150,128,139,141,153,117,118,146,127,159,125,143,119,129,132,126,145,117,176,157,117,
female,54,255,275,272,256,243,271,228,212,216,208,225,193,181,181,169,176,164,152,161,152,163,137,159,152,148,135,140,175,163,141,136,151,137,160,140,153,162,140,134,152,
female,55,240,320,263,278,290,260,239,229,230,231,213,212,209,183,191,199,147,179,160,153,169,145,153,159,175,179,159,175,183,170,178,165,144,151,142,137,147,152,145,171,
female,56,220,243,336,308,312,254,259,269,260,288,278,228,219,219,205,198,194,207,199,187,211,172,176,171,157,174,144,160,172,218,202,183,169,183,172,149,168,164,170,186,
female,57,305,253,253,341,330,316,315,286,305,283,256,260,265,286,264,235,257,218,221,204,211,207,219,214,188,178,217,214,185,178,221,237,203,183,180,170,165,184,152,174,
female,58,304,289,256,272,378,354,338,327,318,285,314,334,280,273,262,305,247,231,235,234,193,222,214,194,196,211,198,210,189,197,187,217,213,186,205,191,176,168,207,155,
female,59,417,333,340,306,311,413,356,341,326,337,358,352,323,306,305,300,314,284,246,250,248,211,244,226,225,218,202,219,210,240,200,199,256,215,231,216,190,192,177,198,
female,60,443,403,408,329,351,361,453,405,410,354,366,362,350,323,341,354,302,294,330,300,254,290,272,238,224,230,252,263,266,246,249,222,234,261,269,248,233,225,214,207,
female,61,459,491,453,373,345,376,334,455,433,394,380,382,375,384,349,381,361,369,310,311,318,283,242,294,257,294,254,265,247,265,247,265,230,248,267,295,267,236,247,228,
female,62,506,439,503,445,438,413,384,377,450,475,436,419,420,383,452,370,380,371,345,335,341,299,312,313,326,300,289,264,274,312,250,258,265,259,266,296,296,251,233,245,
female,63,507,463,526,470,535,480,404,412,395,503,540,470,456,448,414,477,437,391,387,420,344,364,334,324,300,314,293,279,280,259,248,251,311,304,282,263,320,315,293,252,
female,64,578,558,578,549,581,549,505,455,425,418,562,544,475,496,467,460,470,430,383,399,434,408,406,347,368,333,316,312,333,361,309,319,326,321,301,286,310,332,311,310,
female,65,605,632,609,601,612,637,570,514,482,512,435,577,571,531,539,535,480,486,500,465,456,422,404,414,416,376,366,364,366,367,327,368,323,352,315,344,291,289,358,361,
female,66,692,610,588,635,673,671,644,604,559,514,460,507,641,636,578,526,532,525,503,513,477,501,465,471,455,423,374,360,367,393,361,384,330,324,356,315,340,322,340,433,
female,67,655,659,725,613,678,705,650,628,659,604,552,495,540,649,682,637,606,549,551,557,516,505,490,478,477,451,417,418,415,445,404,380,397,386,358,343,397,386,355,325,
female,68,780,698,690,706,766,715,652,687,720,676,593,611,531,541,704,747,688,609,581,617,601,547,578,483,496,476,507,416,418,430,436,451,430,428,377,374,402,366,382,366,
female,69,778,720,753,742,819,743,706,854,757,736,700,688,628,603,586,814,714,696,628,663,586,588,606,578,570,566,531,510,503,471,436,428,434,490,445,409,394,404,401,386,
female,70,769,819,816,820,834,871,732,812,809,845,769,841,710,683,562,627,777,756,727,725,665,688,611,588,609,580,570,531,530,447,504,445,430,498,450,457,441,410,453,480,
female,71,890,867,938,813,896,865,886,838,819,801,770,887,832,708,673,594,594,799,793,787,741,722,715,668,663,688,629,543,567,591,517,531,552,503,497,477,499,455,448,465,
female,72,910,884,876,912,938,892,886,986,944,947,853,885,917,858,764,797,677,665,883,848,789,769,705,749,677,712,641,627,649,640,565,521,550,535,542,566,552,487,510,499,
female,73,983,873,965,957,981,944,932,977,1026,908,911,968,879,895,859,814,773,704,755,951,843,816,759,747,794,784,706,723,704,663,689,615,576,604,559,583,543,550,579,544,
female,74,975,988,1001,962,1011,1002,1015,1035,960,1015,936,990,1002,928,932,961,844,753,742,792,943,891,872,809,798,781,771,743,713,747,685,718,700,612,661,527,586,599,629,597,
female,75,1004,1011,1052,1047,1007,1047,1033,1032,1079,991,1043,1047,999,990,1024,1103,891,845,845,771,766,1088,978,924,841,836,828,775,785,766,780,741,708,698,700,648,634,638,626,645,
female,76,1003,1036,1090,1052,1147,1092,1133,1030,1151,1099,1010,1130,1000,1044,1088,1059,987,1006,916,898,751,800,998,981,939,895,902,858,850,843,797,776,759,741,757,626,707,675,688,654,
female,77,1100,1077,1070,1067,1171,1164,1130,1111,1254,1096,1085,1157,1101,1168,1010,1147,1087,1047,1022,1049,825,786,810,1040,1058,974,915,913,877,895,817,832,806,764,807,721,690,729,743,744,
female,78,1013,1085,1130,1134,1175,1147,1113,1110,1199,1129,1121,1089,1141,1171,1086,1166,1056,1138,1051,1139,952,885,834,881,1095,1151,1051,932,914,927,883,931,864,840,886,836,811,753,797,793,
female,79,1115,1024,1073,1072,1068,1206,1170,1192,1225,1168,1177,1175,1159,1131,1198,1154,1178,1065,1162,1247,1057,1039,926,834,851,1163,1069,1000,959,1012,946,898,890,834,961,935,842,828,899,835,
female,80,1125,1068,1106,1057,1176,1215,1186,1232,1272,1175,1187,1208,1251,1160,1144,1290,1201,1142,1097,1218,1181,1107,981,943,877,962,1214,1160,1115,1012,928,1018,1007,990,961,883,893,863,918,812,
female,81,1067,983,1122,1063,1084,1138,1044,1207,1232,1216,1121,1235,1225,1091,1208,1284,1185,1168,1232,1218,1077,1199,1160,1124,916,964,895,1183,1165,1096,1084,1000,1050,990,943,943,966,961,1019,923,
female,82,999,1014,1072,1111,1106,1137,1092,1186,1216,1241,1159,1191,1267,1152,1218,1283,1289,1207,1209,1228,1115,1151,1163,1133,1022,1039,883,970,1239,1217,1214,1055,1053,1030,1058,956,989,963,1017,1027,
female,83,1016,1016,1092,1009,1085,1122,1062,1060,1122,1163,1134,1168,1243,1183,1214,1340,1204,1231,1237,1294,1118,1175,1194,1197,1157,1040,1005,911,987,1274,1243,1137,1052,1064,1122,1013,1023,980,1071,1058,
female,84,998,936,988,1016,1009,1040,1025,984,1117,1062,1097,1204,1090,1172,1171,1274,1155,1210,1173,1268,1166,1222,1211,1107,1157,1174,1113,993,893,935,1232,1232,1114,1132,1105,1064,1052,968,1056,1024,
female,85,926,856,996,895,1015,972,966,938,1095,1009,1031,1116,1099,1062,1095,1140,1155,1175,1164,1261,1123,1220,1126,1239,1110,1209,1136,1065,1003,979,870,1161,1190,1191,1101,1094,1018,1067,1094,1097,
female,86,866,841,896,856,857,958,914,940,1021,1014,912,982,1053,963,1021,1175,1109,1109,1108,1226,1110,1209,1187,1142,1155,1163,1113,1121,1081,1014,835,893,1175,1218,1184,1075,1050,1055,1091,1056,
female,87,701,747,798,715,806,829,773,869,865,890,846,942,943,995,980,1090,998,1069,998,1237,1006,1156,1160,1147,1124,1194,1090,1116,1074,1090,1007,907,946,1218,1217,1133,1040,1016,1088,1158,
female,88,695,657,720,645,725,711,690,806,838,801,783,863,858,875,916,1000,926,933,919,1034,1018,964,1055,1051,1105,1096,1022,1075,1139,1078,1024,886,833,904,1195,1114,1001,1072,1094,1052,
female,89,576,615,590,560,655,642,628,664,740,701,697,751,793,812,751,866,831,869,894,993,863,942,983,946,1027,1085,976,903,1058,1060,952,937,834,816,859,1090,1111,1038,1055,978,
female,90,538,493,551,517,490,577,561,584,625,616,630,630,695,662,681,828,784,801,798,894,854,839,885,911,926,1002,855,956,1005,1012,950,912,835,808,754,789,1035,1022,1054,1005,
female,91,420,398,416,397,456,469,437,465,526,512,559,607,587,552,583,683,629,678,687,784,707,766,800,809,821,855,899,857,827,944,861,913,831,795,760,698,704,966,1033,965,
female,92,323,321,383,311,375,383,357,395,416,399,416,519,453,439,520,574,539,538,547,682,570,698,700,727,725,775,755,758,800,732,736,769,742,810,771,642,655,648,953,891,
female,93,286,269,290,250,282,273,293,315,347,367,362,366,393,383,409,471,470,484,482,545,559,566,605,568,647,652,616,652,661,696,692,676,702,713,697,660,625,574,616,805,
female,94,222,214,198,213,222,216,237,211,266,270,297,290,310,332,298,401,358,385,361,429,455,464,481,539,517,506,571,533,575,581,598,559,572,588,602,596,572,520,521,537,
female,95,159,160,165,158,150,181,197,212,189,191,216,188,240,224,252,273,279,294,308,359,328,338,318,359,416,441,436,463,476,507,496,495,448,451,474,486,481,473,447,427,
female,96,115,112,130,112,126,136,127,142,153,129,150,173,176,149,188,195,201,202,220,286,267,280,277,282,308,338,324,347,358,375,386,362,366,407,395,353,454,371,414,364,
female,97,78,69,68,69,86,98,104,92,96,124,104,117,144,107,115,181,131,133,176,211,202,205,205,229,247,259,220,282,274,319,275,294,330,293,285,282,281,318,344,318,
female,98,63,39,54,45,58,62,54,55,65,79,69,89,89,88,99,118,99,131,106,117,118,151,174,164,163,198,164,190,188,188,194,237,222,237,267,216,226,243,261,249,
female,99,22,30,43,45,30,44,43,45,44,43,55,50,62,56,55,71,68,59,98,89,87,90,90,116,110,123,118,138,145,154,130,148,134,164,158,161,158,164,183,173,
female,100,21,17,25,14,22,26,29,28,34,42,43,42,28,41,40,53,38,51,62,78,62,70,65,73,81,81,70,86,90,92,100,102,121,116,112,115,111,94,121,125,
female,101,9,18,14,12,21,14,16,22,20,24,31,25,25,22,29,45,38,30,36,43,23,50,46,47,54,53,47,67,60,77,69,64,73,75,72,91,71,96,86,70,
female,102,7,17,10,8,7,8,11,13,9,14,13,18,17,8,19,28,23,16,20,20,17,29,22,33,35,41,29,32,41,37,39,42,40,49,39,43,55,59,49,61,
female,103,2,3,5,4,9,6,4,6,3,10,9,10,10,10,10,14,11,11,11,6,16,23,18,17,25,18,8,19,20,23,19,18,31,27,18,23,33,37,27,33,
female,104,3,3,2,2,2,3,5,3,3,5,6,4,4,6,7,10,5,8,6,3,4,4,10,8,11,10,15,10,16,18,20,19,14,14,9,20,21,7,18,30,
female,105,1,-,2,-,2,-,3,-,-,2,2,7,2,3,5,6,6,3,2,3,5,5,3,6,12,5,7,4,7,6,2,7,4,11,7,7,6,13,14,14,
female,106,1,-,1,-,-,-,-,-,1,1,2,-,1,-,2,1,2,3,2,-,3,3,3,2,4,7,1,1,3,4,4,5,7,5,5,5,6,3,11,8,
female,107,-,-,-,1,2,-,-,1,-,1,-,1,1,1,1,-,1,1,2,3,3,2,1,5,-,-,-,1,2,-,1,3,1,4,2,3,4,1,3,4,
female,108,-,-,-,1,-,-,-,1,-,-,1,-,-,-,1,1,1,-,1,1,1,-,3,1,2,1,-,-,-,1,-,2,1,-,1,4,1,-,2,1,
female,109,-,-,-,-,-,-,-,-,-,-,-,-,-,-,-,-,1,1,-,-,1,-,1,-,-,-,-,1,-,1,-,-,-,-,1,-,1,1,-,1,
female,110,-,-,-,-,-,-,-,-,-,-,-,-,-,-,-,-,-,-,-,-,-,1,-,-,-,1,-,-,-,-,-,-,1,-,2,-,1,-,1,-,
female,111,-,-,-,-,-,-,-,-,-,-,-,-,-,-,1,-,-,-,-,-,-,-,-,-,-,-,1,-,-,-,1,-,1,-,-,-,1,-,-,-,
female,113,-,-,-,-,-,-,-,-,-,-,-,-,-,-,-,-,-,-,-,-,-,-,1,-,-,-,-,-,-,-,-,1,-,-,-,-,-,-,-,-,
